Coffee & Snacks,Entertainment,Food and Dining,Groceries,Health & Fitness,Rent,Shopping,Subscriptions,Transport,Utilities,Coffee & Snacks_mom_pct,Entertainment_mom_pct,Food and Dining_mom_pct,Groceries_mom_pct,Health & Fitness_mom_pct,Rent_mom_pct,Shopping_mom_pct,Subscriptions_mom_pct,Transport_mom_pct,Utilities_mom_pct,Coffee & Snacks_rolling3m,Entertainment_rolling3m,Food and Dining_rolling3m,Groceries_rolling3m,Health & Fitness_rolling3m,Rent_rolling3m,Shopping_rolling3m,Subscriptions_rolling3m,Transport_rolling3m,Utilities_rolling3m,Coffee & Snacks_pct_income,Entertainment_pct_income,Food and Dining_pct_income,Groceries_pct_income,Health & Fitness_pct_income,Rent_pct_income,Shopping_pct_income,Subscriptions_pct_income,Transport_pct_income,Utilities_pct_income,disc_to_fixed_ratio
2190,780,3690,6610,2770,36000,3030,660,3810,910,-4.4,14.7,1.1,4.8,28.2,100.0,25.2,6.5,11.7,-68.0,2240.0,730.0,3670.0,6460.0,2465.0,27000.0,2725.0,640.0,3610.0,1875.0,3.37,1.2,5.68,10.17,4.26,55.38,4.66,1.02,5.86,1.4,0.433
2530,430,4070,6360,1990,36000,3480,620,4120,2600,15.5,-44.9,10.3,-3.8,-28.2,0.0,14.9,-6.1,8.1,185.7,2337.0,630.0,3803.0,6427.0,2307.0,30000.0,2977.0,633.0,3780.0,2117.0,3.89,0.66,6.26,9.78,3.06,55.38,5.35,0.95,6.34,4.0,0.424
2220,2030,5420,6320,1960,18000,4930,840,3600,970,-12.3,372.1,33.2,-0.6,-1.5,-50.0,41.7,35.5,-12.6,-62.7,2313.0,1080.0,4393.0,6430.0,2240.0,30000.0,3813.0,707.0,3843.0,1493.0,3.42,3.12,8.34,9.72,3.02,27.69,7.58,1.29,5.54,1.49,1.018
2670,890,4890,5080,2720,18000,4610,810,4360,2010,20.3,-56.2,-9.8,-19.6,38.8,0.0,-6.5,-3.6,21.1,107.2,2473.0,1117.0,4793.0,5920.0,2223.0,24000.0,4340.0,757.0,4027.0,1860.0,4.11,1.37,7.52,7.82,4.18,27.69,7.09,1.25,6.71,3.09,0.967
2870,1610,3170,6190,950,36000,5880,590,4230,1170,7.5,80.9,-35.2,21.9,-65.1,100.0,27.5,-27.2,-3.0,-41.8,2587.0,1510.0,4493.0,5863.0,1877.0,24000.0,5140.0,747.0,4063.0,1383.0,4.42,2.48,4.88,9.52,1.46,55.38,9.05,0.91,6.51,1.8,0.495
2920,630,4560,5670,2430,18000,2240,980,3790,1810,1.7,-60.9,43.8,-8.4,155.8,-50.0,-61.9,66.1,-10.4,54.7,2820.0,1043.0,4207.0,5647.0,2033.0,24000.0,4243.0,793.0,4127.0,1663.0,4.49,0.97,7.02,8.72,3.74,27.69,3.45,1.51,5.83,2.78,0.797
2900,1730,4330,6100,1490,18000,3130,910,3740,1520,-0.7,174.6,-5.0,7.6,-38.7,0.0,39.7,-7.1,-1.3,-16.0,2897.0,1323.0,4020.0,5987.0,1623.0,24000.0,3750.0,827.0,3920.0,1500.0,4.46,2.66,6.66,9.38,2.29,27.69,4.82,1.4,5.75,2.34,0.848
2340,2060,4630,6850,1860,18000,2240,620,4330,3090,-19.3,19.1,6.9,12.3,24.8,0.0,-28.4,-31.9,15.8,103.3,2720.0,1473.0,4507.0,6207.0,1927.0,18000.0,2537.0,837.0,3953.0,2140.0,3.6,3.17,7.12,10.54,2.86,27.69,3.45,0.95,6.66,4.75,0.804
2260,470,4990,8140,2140,18000,3400,780,3890,2380,-3.4,-77.2,7.8,18.8,15.1,0.0,51.8,25.8,-10.2,-23.0,2500.0,1420.0,4650.0,7030.0,1830.0,18000.0,2923.0,770.0,3987.0,2330.0,3.48,0.72,7.68,12.52,3.29,27.69,5.23,1.2,5.98,3.66,0.81
2440,1540,4690,6860,3570,18000,5370,560,3600,620,8.0,227.7,-6.0,-15.7,66.8,0.0,57.9,-28.2,-7.5,-73.9,2347.0,1357.0,4770.0,7283.0,2523.0,18000.0,3670.0,653.0,3940.0,2030.0,3.75,2.37,7.22,10.55,5.49,27.69,8.26,0.86,5.54,0.95,1.106
2670,1640,5160,5090,980,18000,2900,620,4380,930,9.4,6.5,10.0,-25.8,-72.5,0.0,-46.0,10.7,21.7,50.0,2457.0,1217.0,4947.0,6697.0,2230.0,18000.0,3890.0,653.0,3957.0,1310.0,4.11,2.52,7.94,7.83,1.51,27.69,4.46,0.95,6.74,1.43,0.907
